Name,Company domain name,Phone number
Acme Corporation,acme1.com,555-0101
Tech Solutions Inc,techsolutions2.com,555-0102
Global Enterprises,globalenterprises3.com,555-0103
Innovation Labs,innovationlabs4.com,555-0104
Digital Dynamics,digitaldynamics5.com,555-0105
Future Systems,futuresystems6.com,555-0106
Summit Partners,summitpartners7.com,555-0107
Bright Ideas Co,brightideas8.com,555-0108
Nexus Technologies,nexustech9.com,555-0109
Prime Industries,primeindustries10.com,555-0110
Vertex Solutions,vertexsolutions11.com,555-0111
Atlas Group,atlasgroup12.com,555-0112
Zenith Corp,zenithcorp13.com,555-0113
Quantum Systems,quantumsystems14.com,555-0114
Apex Innovations,apexinnovations15.com,555-0115
Stellar Enterprises,stellarenterprises16.com,555-0116
Horizon Tech,horizontech17.com,555-0117
Pinnacle Partners,pinnaclepartners18.com,555-0118
Catalyst Solutions,catalystsolutions19.com,555-0119
Vanguard Industries,vanguardindustries20.com,555-0120
Momentum Group,momentumgroup21.com,555-0121
Thrive Technologies,thrivetech22.com,555-0122
Elevate Systems,elevatesystems23.com,555-0123
Synergy Solutions,synergysolutions24.com,555-0124
Pivot Innovations,pivotinnovations25.com,555-0125
Forge Enterprises,forgeenterprises26.com,555-0126
Spark Technologies,sparktech27.com,555-0127
Rise Industries,riseindustries28.com,555-0128
Flow Solutions,flowsolutions29.com,555-0129
Unity Group,unitygroup30.com,555-0130
Stride Technologies,stridetech31.com,555-0131
Pulse Innovations,pulseinnovations32.com,555-0132
Peak Enterprises,peakenterprises33.com,555-0133
Wave Solutions,wavesolutions34.com,555-0134
Core Industries,coreindustries35.com,555-0135
Edge Technologies,edgetech36.com,555-0136
Prime Solutions,primesolutions37.com,555-0137
Swift Enterprises,swiftenterprises38.com,555-0138
Bold Innovations,boldinnovations39.com,555-0139
Infinite Industries,infiniteindustries40.com,555-0140
Clarity Solutions,claritysolutions41.com,555-0141
Vital Technologies,vitaltech42.com,555-0142
Crown Enterprises,crownenterprises43.com,555-0143
Titan Industries,titanindustries44.com,555-0144
Beacon Solutions,beaconsolutions45.com,555-0145
Summit Technologies,summittech46.com,555-0146
Nova Enterprises,novaenterprises47.com,555-0147
Matrix Solutions,matrixsolutions48.com,555-0148
Phoenix Industries,phoenixindustries49.com,555-0149
Omega Technologies,omegatech50.com,555-0150
